,Marketing expense,Production expense,Multiplex coverage,Budget,Movie_length,Lead_ Actor_Rating,Lead_Actress_rating,Director_rating,Producer_rating,Critic_rating,Trailer_views,3D_available,Time_taken,Twitter_hastags,Genre,Avg_age_actors,Num_multiplex,Collection,Start_Tech_Oscar
0,538.812,91.2,0.321,29463.72,162.6,9.135,9.305,9.095,9.165,6.96,302776,1,172.16,301.664,2,60,589,20800,1
1,251.558,91.2,0.3,27974.98,170.5,9.01,9.125,9.035,9.29,6.96,317358,0,109.88,281.552,4,51,686,19400,1
2,20.8758,61.74,0.602,32146.785,104.6,6.65,6.78,6.58,6.77,8.78,465605,0,179.76,223.104,2,44,479,38800,1
3,21.6442,66.72,0.569,38646.135,80.3,5.41,5.575,5.45,5.755,7.18,534094,0,179.84,244.736,2,57,396,59200,1
4,224.66,91.2,0.386,34357.675,170.2,8.855,9.01,8.82,8.975,7.96,382809,1,105.84,302.336,3,60,653,29200,1
5,219.3308,91.2,0.26,36024.175,173.5,8.855,9.1,8.9,9.19,6.96,387633,0,132.16,282.464,1,21,670,30800,0
6,23.424,72.12,0.48,32418.98,165.4,8.815,8.965,8.76,9.04,6.82,405008,1,205.8,283.12,3,20,482,39000,1
7,306.674,91.2,0.3,27108.4,173.5,9.115,9.315,9.175,9.215,6.96,278464,0,122.08,201.632,3,25,711,20400,1
8,20.8674,66.28,0.561,33968.825,136.5,6.48,6.63,6.46,6.795,8.64,502413,1,140.2,223.28,3,30,473,41000,0
9,304.724,91.2,0.307,35235.365,173.5,9.12,9.33,9.095,9.305,7.96,374897,1,146.88,201.152,4,50,703,14400,0
10,21.8504,64.86,0.572,36696.33,115.7,6.875,6.945,6.795,7.005,7.68,507617,0,111.32,303.728,2,51,413,46600,1
11,116.2426,91.2,0.287,37224.055,163.5,8.55,8.81,8.685,8.76,7.96,401242,1,188.56,242.624,1,29,609,32800,0
12,25.791,76.18,0.511,30063.66,83.3,8.16,8.26,8.165,8.235,8.28,298989,1,113.48,223.792,4,21,562,47400,1
13,787.036,91.2,0.307,30291.415,173.5,9.215,9.37,9.105,9.33,6.96,291101,0,186.0,260.8,3,26,653,10000,1
14,22.9732,72.12,0.48,37368.485,153.4,8.45,8.66,8.595,8.74,6.82,471052,1,193.0,304.4,3,24,470,55000,1
15,26.5964,98.78,0.376,32341.21,168.9,8.635,8.79,8.735,8.895,7.76,426316,1,205.36,202.944,2,58,617,36800,0
16,111.1174,91.2,0.282,19781.355,161.4,9.185,9.225,9.16,9.205,6.96,527849,1,161.0,244.4,1,51,680,55000,1
17,23.352,69.76,0.507,35696.43,125.8,7.63,7.84,7.615,7.83,8.08,510893,1,135.52,263.808,1,48,554,47600,0
18,31.1556,98.78,0.376,35190.925,171.7,8.89,8.965,8.84,9.085,6.76,411162,1,157.24,222.896,1,37,663,36200,0
19,21.7746,66.28,0.561,33124.465,119.2,6.46,6.725,6.5,6.685,7.64,442225,1,0.0,223.152,1,21,404,39400,0
20,21.575,61.88,0.563,37674.01,114.6,8.095,8.15,8.065,8.115,7.96,480787,1,156.8,265.12,1,23,423,64000,1
21,156.0234,91.2,0.287,33779.955,157.9,8.63,8.76,8.6,8.575,7.96,438369,1,108.0,283.2,3,27,727,40000,1
22,183.0348,91.2,0.3,29941.45,172.4,9.0,9.25,9.025,9.265,7.96,369811,0,120.6,241.84,2,51,616,23000,1
23,24.7824,74.38,0.415,33435.545,138.8,8.66,8.875,8.71,8.94,7.16,450933,1,116.48,283.392,1,32,546,42400,1
24,21.0994,65.38,0.485,33246.675,118.9,7.555,7.68,7.475,7.665,6.96,457316,0,127.6,223.04,3,28,477,38000,1
25,21.2254,67.82,0.553,37918.43,101.1,7.43,7.58,7.54,7.725,7.48,516911,0,125.24,225.296,1,21,417,66200,1
26,159.243,91.2,0.3,31735.715,170.5,8.9,9.145,8.885,9.22,6.96,416162,1,194.04,222.416,1,20,711,30200,0
27,117.4282,91.2,0.386,36018.62,167.1,8.71,8.85,8.76,9.075,7.96,373575,1,122.68,282.672,1,22,567,33400,0
28,850.584,91.2,0.307,30724.705,158.9,9.05,9.22,9.185,9.33,7.96,312011,0,169.4,221.36,4,56,615,17000,0
29,21.7328,61.88,0.563,39873.79,99.8,6.62,6.83,6.7,6.895,7.96,515199,1,210.56,225.824,3,40,448,72800,0
30,520.922,91.2,0.307,33257.785,173.5,9.135,9.31,9.04,9.335,7.96,308973,1,184.24,220.896,3,30,618,11200,0
31,134.6232,91.2,0.468,39223.855,150.5,8.165,8.335,8.27,8.41,6.96,517077,0,110.0,224.0,3,29,584,50000,1
32,74.6794,94.16,0.129,31091.335,168.4,9.12,9.39,9.205,9.24,8.06,347105,0,202.16,302.464,4,48,759,30800,0
33,112.9378,91.2,0.386,38773.9,141.1,8.615,8.825,8.73,8.765,6.96,469624,1,147.92,304.768,2,56,630,59600,1
34,21.2094,59.92,0.512,34179.915,142.3,8.285,8.475,8.25,8.43,7.44,463628,1,163.84,224.736,3,45,466,59200,0
35,20.7156,61.66,0.5571,43440.1,138.0,7.51,7.665,7.58,7.855,9.02,538611,0,142.16,207.264,4,50,420,90800,1
36,22.5864,82.84,0.563,37096.29,104.6,6.9,7.135,6.965,7.08,8.8,534560,1,139.44,204.576,1,44,421,57200,1
37,20.4996,58.78,0.482,36329.7,133.2,6.77,6.895,6.705,7.095,7.82,494604,1,146.6,222.64,1,40,566,33000,0
38,86.421,94.16,0.129,30013.665,173.5,9.33,9.48,9.18,9.365,9.06,329378,1,105.36,262.144,1,42,807,26800,1
39,32.5952,71.28,0.462,33046.695,135.3,7.64,7.705,7.535,7.705,6.8,472490,1,118.16,283.264,4,39,535,40800,1
40,22.806,66.72,0.569,36035.285,86.5,6.25,6.34,6.185,6.43,7.18,522769,1,123.76,283.904,1,38,389,48800,0
41,45.0358,71.28,0.462,30941.35,171.6,8.035,8.205,7.955,8.21,7.8,371051,1,157.39149797570855,302.176,2,44,484,27200,1
42,41.0786,71.28,0.462,32968.925,102.8,7.67,7.805,7.74,7.785,7.8,532331,0,109.24,203.696,4,46,547,46200,1
43,22.292,68.92,0.536,36318.59,132.2,7.995,8.185,7.94,8.045,7.28,502420,1,169.76,263.904,1,40,440,48800,0
44,21.2302,65.38,0.485,33152.24,132.0,7.47,7.62,7.515,7.77,7.96,459687,1,129.48,262.992,4,20,534,37400,1
45,43.0344,71.28,0.462,31669.055,168.5,8.1,8.165,8.02,8.14,7.8,394967,1,167.24,302.096,4,25,571,26200,0
46,23.5798,74.38,0.415,31496.85,102.3,8.46,8.755,8.465,8.72,8.16,394787,0,169.24,283.696,2,55,556,46200,1
47,133.835,91.2,0.417,33963.27,153.3,8.225,8.33,8.12,8.235,6.96,435929,1,171.64,243.056,4,57,596,38200,1
48,24.4376,68.92,0.536,42723.505,125.3,7.735,7.95,7.76,7.82,8.28,522502,1,120.08,205.632,1,39,425,70400,1
49,22.7828,63.1,0.49,30952.46,162.0,8.65,8.73,8.635,8.79,7.68,415584,0,187.24,243.696,1,38,530,46200,0
50,21.1204,59.92,0.512,43501.205,127.1,8.275,8.405,8.245,8.675,8.44,511949,1,120.0,268.0,3,35,458,100000,1
51,20.2622,57.44,0.597,40268.195,95.4,5.55,5.795,5.605,5.655,8.42,512329,1,150.16,265.664,1,50,480,70800,1
52,21.0744,82.84,0.563,36379.695,124.5,6.89,7.125,6.865,7.195,7.8,479856,0,208.84,204.336,4,26,454,54200,0
53,48.277,94.16,0.129,34046.595,169.5,9.115,9.265,9.015,9.11,9.06,440004,0,148.8,302.72,2,48,806,34000,0
54,20.6098,62.56,0.516,38185.07,101.6,6.645,6.91,6.665,6.85,8.48,534902,0,212.48,224.992,1,23,464,62400,0
55,21.1578,67.14,0.591,32652.29,94.9,6.68,6.8,6.74,6.785,8.22,493569,1,142.8,263.52,1,29,406,44000,1
56,20.3076,62.5,0.606,41406.97,107.7,6.67,6.985,6.665,7.01,8.82,524356,0,133.6,267.04,1,38,422,88000,1
57,21.813,68.92,0.536,32885.6,135.0,7.89,8.185,8.015,8.075,8.28,442828,0,208.28,283.312,2,29,524,41400,0
58,184.0116,91.2,0.287,32974.48,153.8,8.57,8.755,8.595,8.52,7.96,402267,0,177.4,262.16,4,46,749,27000,0
59,206.5818,91.2,0.287,34357.675,172.2,8.785,8.9,8.815,8.98,6.96,416481,1,181.64,262.256,4,52,680,28200,1
60,25.3676,74.38,0.415,32185.67,144.1,8.48,8.705,8.47,8.56,7.16,426044,1,107.32,282.928,3,55,580,36600,1
61,23.9604,76.18,0.511,34341.01,115.9,7.925,8.095,8.02,8.065,7.28,456943,1,157.39149797570855,244.0,3,30,480,50000,1
62,22.8462,75.02,0.453,34740.97,157.7,8.73,8.93,8.855,8.975,8.44,446050,0,133.4,242.96,2,39,570,37000,0
63,22.2864,72.12,0.48,37668.455,144.8,8.425,8.63,8.44,8.79,7.82,491484,1,144.6,204.24,1,58,445,53000,0
64,20.63,57.94,0.597,38746.125,88.8,6.015,6.24,6.11,6.33,8.6,536549,1,159.96,265.584,4,24,413,69800,0
65,26.609,67.4,0.493,33807.73,135.0,8.045,8.305,8.095,8.255,8.52,471552,1,183.6,283.84,4,57,525,48000,1
66,136.4802,91.2,0.468,34674.31,138.2,8.26,8.31,8.14,8.445,6.96,471764,0,171.2,263.68,1,22,461,46000,1
67,21.0046,67.12,0.5621,31696.83,101.9,6.665,6.72,6.67,6.665,8.62,450203,0,134.84,282.736,3,21,522,34200,0
68,75.5948,94.16,0.129,27236.165,171.3,9.26,9.46,9.225,9.365,8.06,294970,1,132.72,261.888,1,52,795,23600,1
69,22.2054,65.26,0.547,35863.08,141.3,6.225,6.46,6.285,6.58,7.06,525189,1,116.88,203.552,4,56,434,44400,1
70,27.0228,69.76,0.507,33557.755,123.4,7.535,7.785,7.565,7.67,8.08,491464,0,178.16,263.264,4,40,457,40800,0
71,30.81,62.94,0.425,41495.85,126.1,8.415,8.69,8.51,8.645,9.4,558567,0,181.4,306.96,3,43,504,87000,0
72,67.5868,94.16,0.129,34052.15,173.5,9.155,9.37,9.14,9.495,8.06,305675,1,155.52,202.208,1,59,846,27600,0
73,21.2932,59.48,0.6,35246.475,93.6,6.0,6.165,5.985,6.195,9.04,517172,0,189.0,263.6,3,48,369,45000,0
74,24.9044,74.8,0.456,32119.01,145.2,7.935,8.03,7.83,8.135,8.32,401740,0,195.92,243.168,1,50,471,39600,1
75,32.2308,62.94,0.353,48350.72,160.4,8.955,9.235,9.085,9.12,9.4,530690,1,172.0,228.0,1,54,552,100000,1
76,167.3422,91.2,0.321,34402.115,151.6,8.94,9.07,9.005,9.11,7.96,356325,1,170.4,241.76,1,45,679,22000,0
77,22.792,72.12,0.48,34257.685,163.5,8.685,8.875,8.66,8.935,6.82,432081,1,157.39149797570855,203.216,4,20,458,40200,0
78,20.7096,62.28,0.608,32641.18,92.6,5.385,5.445,5.26,5.47,7.72,459998,0,156.36,303.344,4,31,438,41800,1
79,21.2324,63.78,0.558,32763.39,125.8,5.965,6.075,5.835,6.095,7.24,459385,0,120.88,262.752,1,46,441,34400,0
80,96.7368,91.2,0.23,34724.305,164.6,8.71,9.01,8.85,8.84,6.96,456314,1,177.96,263.184,1,56,733,39800,1
81,214.4836,91.2,0.26,35585.33,170.7,8.835,9.015,8.92,9.095,6.96,373307,1,184.84,302.736,2,58,775,34200,1
82,35.0052,71.28,0.462,32907.82,167.6,7.655,7.965,7.64,7.94,7.8,414145,1,164.24,262.496,3,27,502,31200,0
83,22.83,68.82,0.552,34268.795,80.1,7.035,7.27,7.06,7.19,7.42,526836,0,162.12,304.048,1,52,419,50600,0
84,43.8588,98.78,0.376,35140.93,171.2,8.73,8.985,8.79,8.955,6.76,438063,1,151.84,243.136,4,29,559,39200,1
85,20.393,58.52,0.615,34607.65,105.0,5.395,5.54,5.295,5.595,8.36,449001,1,166.04,203.216,4,39,333,40200,1
86,36.5052,62.94,0.353,40701.485,168.0,8.795,8.99,8.895,9.16,8.4,450060,1,114.4,224.96,4,60,555,62000,0
87,37.0408,71.28,0.462,33135.575,162.7,7.945,8.14,7.83,8.06,7.8,457361,1,183.84,283.136,4,23,541,39200,1
88,22.2138,82.78,0.45,33057.805,167.3,8.54,8.56,8.46,8.66,7.72,411880,1,174.6,283.44,4,49,481,43000,1
89,20.9088,61.48,0.54,34129.92,105.7,6.99,7.225,7.05,6.985,7.62,465165,0,187.92,223.168,1,26,431,39600,0
90,22.0938,67.82,0.553,40368.185,122.5,7.53,7.66,7.515,7.72,7.48,490028,0,171.28,225.312,3,35,424,66400,1
91,233.436,91.2,0.26,35879.745,168.3,8.9,9.15,8.995,8.98,6.96,342695,1,106.72,241.888,1,28,762,23600,0
92,21.2834,66.92,0.501,32957.815,141.7,8.155,8.365,8.23,8.53,7.16,475977,1,189.56,223.024,1,43,530,37800,0
93,30.8904,98.78,0.376,34168.805,171.4,9.045,9.205,9.16,9.255,7.76,411330,1,173.12,202.848,3,29,592,35600,1
94,377.334,91.2,0.329,34568.765,173.5,9.26,9.435,9.26,9.27,7.96,353650,0,158.08,221.632,2,46,581,20400,0
95,108.4456,91.2,0.416,33346.665,168.0,8.68,8.895,8.575,8.77,7.96,354464,0,189.64,263.056,2,21,506,38200,1
96,26.8012,98.78,0.376,35874.19,172.4,8.815,9.035,8.82,9.095,6.76,466796,1,179.68,263.072,4,25,663,38400,1
97,20.7102,64.72,0.574,34257.685,120.2,7.24,7.41,7.165,7.385,7.2,485743,1,151.16,203.664,3,34,405,45800,0
98,28.9582,67.4,0.493,37362.93,140.0,8.165,8.31,8.015,8.205,8.52,514773,1,197.6,264.64,1,32,441,58000,0
99,21.2258,61.66,0.5571,42467.975,123.2,7.27,7.53,7.285,7.495,8.02,524593,1,174.4,247.36,3,25,512,92000,1
100,23.5566,74.38,0.415,30935.795,147.0,8.77,8.805,8.755,8.87,7.16,414921,0,197.0,282.8,3,47,635,35000,0
101,194.335,91.2,0.307,35946.405,172.3,8.98,9.26,9.085,9.225,7.96,424127,0,115.24,302.096,2,29,712,26200,0
102,52.2564,71.28,0.462,33863.28,170.4,7.965,8.17,8.065,8.28,6.8,377048,1,193.4,222.16,4,40,497,27000,1
103,308.416,91.2,0.26,35890.855,166.8,8.84,9.09,8.945,9.125,6.96,404986,1,121.84,201.536,1,57,702,19200,1
104,21.8136,61.88,0.563,38612.805,95.0,6.73,6.82,6.645,6.845,8.96,512163,0,123.2,225.28,4,55,510,66000,1
105,24.3954,68.82,0.552,31119.11,135.5,6.945,7.05,6.85,6.98,7.42,422013,0,119.76,263.104,2,45,507,38800,1
106,23.0196,75.02,0.453,33446.655,156.1,8.615,8.755,8.54,8.595,7.44,454755,0,189.68,303.072,2,28,609,38400,0
107,21.9698,106.3,0.419,32657.845,169.3,8.895,9.13,8.9,9.06,8.18,395312,0,125.52,263.008,1,56,622,37600,1
108,21.9024,80.66,0.563,34918.73,118.5,7.585,7.75,7.585,8.07,8.26,496661,0,120.56,203.424,4,28,382,42800,0
109,22.5158,61.88,0.563,36418.58,102.6,7.69,7.86,7.66,7.655,8.96,537380,1,151.92,204.768,1,40,460,59600,0
110,21.6374,60.78,0.555,43440.1,110.4,8.23,8.29,8.2,8.285,7.4,544945,1,217.52,207.008,2,25,512,87600,1
111,21.6894,63.1,0.49,32546.745,142.2,8.58,8.65,8.485,8.88,7.68,480435,1,195.04,303.616,1,35,530,45200,0
112,66.008,94.16,0.395,35102.045,169.6,8.855,8.98,8.88,9.085,8.06,473988,0,133.52,223.808,4,23,663,47600,0
113,30.8022,62.94,0.353,40012.665,155.3,8.94,9.025,8.815,8.995,9.4,483080,1,157.39149797570855,225.408,3,21,681,67600,0
114,25.2726,72.12,0.48,34602.095,164.7,8.715,8.86,8.56,8.775,6.82,437611,1,195.76,283.104,4,41,555,38800,1
115,21.7652,76.62,0.587,35646.435,80.1,7.24,7.465,7.205,7.52,7.16,501152,1,195.68,283.872,1,38,410,48400,0
116,308.766,91.2,0.403,38062.86,173.5,9.24,9.36,9.26,9.21,6.96,399184,1,153.0,284.4,3,57,566,55000,1
117,20.1264,59.62,0.462,36524.125,138.7,7.825,8.095,7.91,7.995,7.94,527367,1,109.6,223.84,1,23,494,48000,1
118,21.3284,63.1,0.49,38107.3,147.9,8.405,8.625,8.395,8.75,7.68,513390,0,117.96,224.784,4,28,548,59800,1
119,110.8384,91.2,0.23,35540.89,161.5,8.635,8.79,8.655,8.885,6.96,486963,0,176.0,204.0,4,37,673,50000,0
120,53.132,94.16,0.129,34007.71,170.8,9.175,9.24,9.035,9.315,8.06,428936,0,110.6,243.44,1,34,831,43000,1
121,24.4424,75.02,0.453,33841.06,168.9,8.705,8.875,8.725,8.6,8.44,405200,1,201.48,202.992,1,59,604,37400,1
122,67.3724,94.16,0.129,27363.93,169.2,9.115,9.32,9.17,9.475,9.06,286266,0,137.84,222.336,4,24,800,29200,1
123,290.444,91.2,0.369,21458.965,173.5,9.235,9.305,9.23,9.215,7.96,466467,0,199.24,223.696,3,24,559,46200,1
124,31.5058,67.4,0.493,46312.035,146.8,7.97,8.09,8.05,8.21,7.52,545730,1,132.68,226.672,1,28,574,83400,0
125,21.2422,57.5,0.571,36051.95,117.9,5.5,5.685,5.445,5.785,8.06,530639,0,145.16,303.664,1,55,389,45800,0
126,396.22,91.2,0.403,25708.54,173.5,9.115,9.23,9.11,9.435,7.96,233720,0,167.16,302.864,4,40,587,35800,1
127,26.5086,98.78,0.376,35724.205,172.3,9.02,9.195,9.04,9.115,7.76,444896,0,163.2,282.88,4,41,564,36000,1
128,23.6674,110.48,0.391,30074.77,171.8,8.96,9.235,9.03,9.26,6.98,351221,0,196.8,301.12,4,29,659,14000,0
129,20.6718,60.9,0.572,39018.32,89.3,7.185,7.345,7.235,7.43,8.34,567784,1,123.96,305.584,1,20,428,69800,0
130,95.4996,91.2,0.345,33063.36,158.2,8.435,8.73,8.46,8.63,7.96,389121,1,167.6,203.04,4,21,572,38000,0
131,20.7536,58.04,0.596,40407.07,111.8,6.235,6.39,6.27,6.485,8.48,519868,0,203.84,285.536,3,43,412,69200,0
132,306.674,91.2,0.386,34602.095,161.5,8.865,9.09,8.96,9.185,6.96,457225,0,122.56,203.424,1,32,632,42800,0
133,33.2702,62.94,0.353,40734.815,173.5,8.9,9.13,8.99,9.195,8.4,477252,1,160.4,305.76,1,58,601,72000,0
134,72.7096,74.8,0.456,27625.015,111.3,8.685,8.86,8.685,8.735,7.32,447032,0,146.44,222.576,1,27,562,32200,0
135,124.0354,91.2,0.23,34035.485,156.9,8.52,8.8,8.55,8.685,6.96,473168,0,127.08,303.632,2,42,767,45400,1
136,23.9314,66.72,0.569,34585.43,152.7,5.915,6.005,5.85,6.12,7.18,484343,0,196.2,243.28,1,31,466,41000,1
137,189.8426,91.2,0.416,35263.14,159.6,8.86,9.105,8.92,9.005,6.96,416738,0,181.8,222.32,1,53,637,29000,0
138,24.2818,66.72,0.569,35763.09,82.4,6.285,6.41,6.295,6.215,7.18,548870,0,205.92,243.968,3,50,469,49600,0
139,301.014,91.2,0.403,36979.635,173.5,9.22,9.295,9.17,9.26,7.96,353054,0,192.88,282.752,4,44,552,34400,1
140,35.684,71.28,0.462,33274.45,155.2,7.72,7.925,7.82,8.015,6.8,431225,0,109.0,222.8,3,56,548,35000,0
141,203.7404,91.2,0.3,30752.48,173.5,9.05,9.225,9.14,9.43,7.96,362581,1,164.52,221.808,1,46,607,22600,1
142,24.8206,69.76,0.507,33791.065,117.2,7.205,7.31,7.26,7.395,8.08,448684,0,180.88,303.552,4,27,509,44400,1
143,56.6754,94.16,0.395,43340.11,171.7,8.87,9.12,8.945,8.98,8.06,531084,1,168.0,248.0,3,22,557,100000,1
144,28.1542,67.4,0.493,34241.02,164.8,8.345,8.48,8.42,8.66,8.52,369907,1,114.68,283.472,4,37,574,43400,1
145,20.702,60.36,0.5839,43623.415,106.7,7.315,7.485,7.35,7.615,9.06,546954,0,175.4,227.76,4,22,410,97000,1
146,115.0474,91.2,0.287,36246.375,160.0,8.695,8.79,8.63,9.015,6.96,408819,0,155.64,282.256,1,36,620,28200,1
147,25.6784,69.76,0.507,31707.94,147.8,7.545,7.7,7.55,7.765,8.08,446743,1,131.4,302.96,4,25,501,37000,1
148,22.5514,64.86,0.572,35513.115,81.3,6.47,6.515,6.435,6.505,7.68,537248,1,147.48,303.792,1,26,481,47400,0
149,26.8218,69.76,0.507,35635.325,113.6,7.5,7.75,7.49,7.82,7.08,528887,0,172.0,304.0,1,52,474,50000,1
150,22.8206,82.84,0.563,32163.45,131.5,6.72,6.85,6.825,6.965,7.8,405787,1,152.12,223.248,4,42,521,40600,1
151,161.0084,91.2,0.386,33902.165,158.6,8.96,9.1,8.83,9.065,7.96,340669,0,165.36,1622.4,3,29,634,26800,1
152,26.6294,67.4,0.493,45812.085,143.9,8.09,8.255,8.13,8.225,7.52,529841,1,181.32,227.728,4,23,504,96600,1
153,323.544,91.2,0.26,34174.36,173.5,8.995,9.07,9.015,9.095,6.96,321678,0,197.28,221.312,4,60,674,16400,0
154,23.089,65.26,0.547,34135.475,102.7,6.01,6.115,5.965,6.28,7.06,480067,0,157.39149797570855,283.728,4,22,438,46600,1
155,21.132,61.82,0.511,38923.885,159.8,8.25,8.455,8.28,8.175,8.44,509357,0,139.44,203.776,1,28,456,47200,0
156,20.9864,59.36,0.528,38046.195,143.8,8.36,8.555,8.345,8.375,8.32,490857,1,209.28,244.512,2,46,470,56400,0
157,20.7318,64.72,0.574,35007.61,105.7,7.235,7.405,7.265,7.29,8.2,492574,0,121.92,203.968,1,20,469,49600,1
158,24.4876,74.38,0.415,33479.985,153.2,8.68,8.765,8.59,8.97,7.16,442908,0,124.72,282.688,3,54,525,33600,1
159,20.9482,78.86,0.427,33496.65,154.3,8.64,8.88,8.68,8.79,6.8,518438,1,205.6,203.04,4,45,604,38000,0
160,23.4892,76.18,0.511,33107.8,165.6,8.045,8.185,8.02,8.0,8.28,402133,1,160.68,243.472,4,36,446,43400,1
161,204.646,91.2,0.369,34529.88,173.5,9.31,9.525,9.32,9.505,7.96,454281,1,196.0,268.0,4,25,609,100000,1
162,76.3676,91.2,0.468,32007.91,113.8,7.795,8.055,7.875,8.075,7.96,481869,0,192.72,283.488,2,57,483,43600,0
163,68.9906,94.16,0.395,35563.11,168.7,8.85,8.94,8.835,8.85,8.06,449755,0,110.92,303.568,2,22,536,44600,0
164,20.741,61.66,0.5571,38707.24,110.7,7.225,7.54,7.215,7.53,9.02,546620,1,170.16,285.664,4,48,422,70800,1
165,23.2878,66.72,0.569,35735.315,122.6,5.975,6.13,6.055,6.185,7.18,504043,1,167.8,303.92,1,43,494,49000,1
166,20.3556,57.94,0.597,39634.925,87.4,6.105,6.185,6.015,6.39,7.6,535003,0,119.16,205.264,3,22,465,65800,1
167,320.468,91.2,0.386,29463.72,170.8,8.86,9.005,8.795,9.135,6.96,340338,0,186.8,301.92,3,39,620,24000,1
168,22.6316,75.02,0.453,34307.68,146.0,8.535,8.645,8.5,8.86,8.44,432696,0,130.48,263.392,4,23,528,42400,0
169,32.5478,71.28,0.462,32407.87,130.0,7.7,7.825,7.64,7.84,6.8,497626,1,169.96,283.184,1,28,598,39800,1
170,20.575,85.08,0.536,34502.105,102.4,8.04,8.225,8.095,8.305,8.36,508101,0,206.0,284.0,2,46,492,50000,0
171,21.0604,61.82,0.511,39323.845,136.6,8.17,8.31,8.135,8.555,8.44,515362,1,151.48,304.592,4,31,478,57400,0
172,337.488,91.2,0.329,36357.475,172.6,9.11,9.35,9.18,9.325,6.96,382857,0,172.36,201.744,2,60,582,21800,0
173,134.1636,91.2,0.468,37496.25,148.4,8.28,8.37,8.31,8.38,7.96,488266,0,139.48,303.792,4,46,470,47400,0
174,93.5644,91.2,0.23,29785.91,169.7,8.865,9.1,8.895,8.93,6.96,450482,0,160.32,283.328,3,52,700,41600,1
175,207.8126,91.2,0.26,31257.985,167.4,9.065,9.14,8.995,9.165,6.96,334563,1,169.12,302.048,4,50,731,25600,1
176,27.0466,98.78,0.376,35851.97,171.9,8.925,9.235,8.915,9.225,7.76,442884,1,138.84,222.736,4,40,674,34200,0
177,23.3804,106.3,0.419,33252.23,161.9,8.935,9.075,8.855,9.155,7.18,443766,1,162.56,283.424,3,22,608,42800,1
178,21.3234,61.48,0.54,32596.74,99.3,7.29,7.47,7.265,7.54,8.62,483140,1,199.72,203.088,3,35,395,38600,1
179,44.1484,94.16,0.395,32635.625,168.1,8.65,8.79,8.64,9.07,9.06,438703,0,158.96,222.784,3,28,606,34800,0
180,32.4712,67.4,0.493,38212.845,151.2,8.295,8.395,8.31,8.455,7.52,470809,1,189.0,244.4,2,50,469,55000,1
181,20.272,63.0,0.59,32707.84,121.1,6.3,6.365,6.2,6.5,6.78,410055,1,173.56,303.024,4,55,387,37800,1
182,24.5752,72.12,0.48,35579.775,158.9,8.485,8.725,8.635,8.725,7.82,457364,0,135.44,262.976,2,57,544,37200,0
183,24.1492,110.48,0.391,28291.615,171.5,9.015,9.2,9.025,9.115,7.98,286130,1,183.24,201.296,2,49,628,16200,0
184,516.034,91.2,0.307,29713.695,169.5,9.125,9.31,9.06,9.1,6.96,384237,1,157.39149797570855,301.328,1,40,677,16600,0
185,20.6612,65.38,0.485,33657.745,110.8,7.545,7.74,7.465,7.625,7.96,466294,1,162.24,283.296,1,26,535,41200,1
186,128.8228,91.2,0.287,36968.525,171.7,8.745,8.885,8.675,8.985,6.96,390279,1,162.08,222.432,4,41,614,30400,1
187,23.4284,68.82,0.552,31563.51,107.3,7.385,7.525,7.395,7.49,8.42,470466,0,161.72,223.088,1,21,445,38600,1
188,21.372,60.78,0.555,41195.88,136.0,8.085,8.32,8.165,8.435,8.4,484613,0,131.28,265.312,1,31,510,66400,0
189,21.3448,61.48,0.54,35179.815,90.7,7.32,7.46,7.275,7.515,8.62,483051,0,111.04,283.616,4,53,452,45200,0
190,20.5462,69.14,0.531,35668.655,152.4,7.505,7.65,7.44,7.47,7.44,494055,0,146.64,243.456,3,42,462,43200,0
191,23.501,66.92,0.501,33141.13,103.7,7.925,8.17,7.98,8.23,7.16,498052,1,163.68,203.872,1,21,484,48400,0
192,170.5202,91.2,0.287,35646.435,171.8,8.75,8.945,8.905,9.03,6.96,400065,1,161.2,242.08,4,27,735,26000,1
193,20.689,59.06,0.585,34229.91,111.9,6.8,6.965,6.8,6.89,8.06,501886,1,155.64,243.856,1,32,415,48200,1
194,25.5914,74.38,0.415,32918.93,116.1,8.725,8.93,8.805,8.78,7.16,462430,1,175.8,223.92,1,47,546,49000,0
195,21.674,61.88,0.563,39912.675,112.4,7.585,7.785,7.66,7.835,8.96,520707,0,185.96,285.584,1,20,464,69800,1
196,20.9054,78.86,0.427,33996.6,150.2,8.78,8.945,8.77,8.93,7.8,482875,1,132.24,263.296,2,20,600,41200,0
197,133.3274,91.2,0.26,34546.545,173.5,8.96,9.015,8.985,9.03,7.96,393382,0,141.92,282.368,1,54,772,29600,1
198,22.6524,72.12,0.48,32502.305,170.2,8.905,9.025,8.935,8.925,6.82,430817,1,157.39149797570855,263.12,4,57,515,39000,0
199,243.208,91.2,0.26,36824.095,168.1,8.925,9.015,8.93,8.88,7.96,338798,0,203.36,242.144,2,46,769,26800,1
200,325.76,91.2,0.329,36935.195,166.8,9.175,9.445,9.315,9.375,7.96,362344,1,189.56,302.224,4,26,705,27800,1
201,23.7672,68.82,0.552,32141.23,106.8,7.375,7.5,7.3,7.625,8.42,445250,1,186.0,243.2,3,39,455,40000,1
202,26.988,74.8,0.456,33174.46,150.2,8.3,8.545,8.36,8.59,8.32,491345,1,202.12,223.248,4,51,568,40600,0
203,154.3544,91.2,0.287,37490.695,166.1,8.8,8.945,8.815,8.8,7.96,401512,1,181.36,262.144,3,59,614,26800,0
204,22.0168,75.02,0.453,37301.825,155.1,8.595,8.685,8.5,8.87,8.44,495560,1,113.12,263.648,1,34,544,45600,0
205,20.7074,67.18,0.567,36607.45,113.9,7.185,7.4,7.25,7.175,8.78,456975,1,198.8,243.52,1,21,372,44000,0
206,434.324,91.2,0.341,22986.59,173.5,9.27,9.495,9.3,9.58,6.96,352670,1,170.76,281.904,1,53,620,23800,0
207,24.5938,76.18,0.511,35140.93,126.0,7.685,7.88,7.765,7.955,7.28,444948,1,133.76,223.904,1,52,511,48800,0
208,21.5792,80.66,0.563,34846.515,79.5,7.73,8.025,7.715,8.025,7.26,488560,0,157.64,203.856,1,40,389,48200,1
209,471.942,91.2,0.3,27775.0,163.0,9.105,9.26,9.115,9.48,7.96,276179,0,166.96,301.184,2,54,617,14800,1
210,20.7476,65.38,0.485,35052.05,112.0,6.74,6.83,6.655,6.855,6.96,505077,1,150.28,303.312,2,53,555,41400,0
211,27.5156,76.18,0.511,30019.22,162.1,8.005,8.295,8.1,8.27,7.28,347413,0,119.72,283.088,1,39,489,38600,1
212,20.723,64.9,0.589,36829.65,96.9,7.375,7.48,7.315,7.595,8.16,529498,0,169.16,244.464,1,37,390,55800,0
213,287.196,91.2,0.307,32702.285,168.2,9.005,9.23,8.97,9.23,7.96,420044,0,135.08,302.032,4,40,654,25400,1
214,23.4268,75.02,0.453,32930.04,161.7,8.72,8.795,8.64,8.92,7.44,415458,0,151.32,222.928,4,24,539,36600,0
215,31.5668,62.94,0.425,46089.835,140.5,8.7,8.935,8.785,8.74,9.4,495431,1,160.0,308.0,4,42,633,100000,1
216,20.8226,64.72,0.574,37368.485,107.0,7.25,7.36,7.3,7.29,8.2,499995,1,129.2,284.48,3,54,374,56000,0
217,20.918,65.64,0.595,35079.825,119.1,6.185,6.48,6.27,6.43,7.68,498744,0,116.92,243.568,1,22,349,44600,1
218,21.3798,106.3,0.419,32607.85,143.2,8.8,8.92,8.735,9.03,7.18,455844,1,156.8,203.52,1,23,570,44000,0
219,206.7778,91.2,0.321,35440.9,169.1,9.01,9.155,8.935,8.965,7.96,354854,1,175.8,241.52,4,52,641,19000,1
220,20.374,63.3,0.571,36196.38,101.2,5.565,5.855,5.71,5.795,8.42,485496,1,163.24,243.696,3,47,385,46200,1
221,192.8952,91.2,0.307,34402.115,166.1,9.055,9.17,8.955,9.235,7.96,437541,0,181.52,282.208,1,55,628,27600,1
222,461.022,91.2,0.26,32318.99,165.9,8.985,9.17,9.02,9.095,7.96,360183,0,157.39149797570855,241.68,4,38,753,21000,0
223,90.7002,94.16,0.129,34174.36,156.1,9.06,9.275,9.04,9.13,9.06,432078,0,198.24,222.496,1,37,868,31200,0
224,24.4978,70.74,0.476,35424.235,167.8,6.675,6.845,6.725,7.06,8.96,369595,0,120.0,222.4,3,29,578,30000,0
225,20.5798,57.5,0.571,38546.145,108.0,5.56,5.73,5.515,5.605,8.06,495540,1,112.64,224.256,4,30,393,53200,1
226,27.6428,67.4,0.496,44662.2,160.0,8.255,8.52,8.345,8.45,7.52,560909,1,119.04,206.016,2,54,532,75200,0
227,22.0,67.18,0.567,38785.01,91.2,7.095,7.32,7.245,7.355,8.78,546989,0,165.24,285.296,4,34,511,66200,1
228,259.022,91.2,0.341,31152.44,173.5,9.27,9.46,9.305,9.39,7.96,434373,1,133.16,264.464,1,26,672,55800,1
229,23.6318,69.76,0.507,35418.68,127.8,7.575,7.81,7.595,7.94,8.08,484440,1,155.24,283.696,3,40,470,46200,0
230,22.1318,58.82,0.587,32974.48,93.0,4.59,4.75,4.69,4.8,6.6,503151,0,186.24,263.296,1,53,444,41200,1
231,20.7742,65.64,0.595,34490.995,104.8,6.275,6.4,6.21,6.475,7.68,514434,1,199.28,283.712,3,60,433,46400,0
232,22.6234,72.12,0.48,34035.485,158.7,8.825,9.025,8.915,8.99,6.82,442160,1,120.16,283.264,2,57,517,40800,1
233,20.9368,61.82,0.511,35646.435,139.6,8.43,8.535,8.425,8.425,8.44,503147,1,147.04,303.616,3,58,424,45200,1
234,22.3494,70.74,0.476,33379.995,156.4,6.865,7.035,6.745,6.905,8.96,451646,0,185.56,263.024,2,23,553,37800,0
235,147.8624,91.2,0.416,34229.91,170.9,8.75,8.915,8.75,9.175,7.96,348948,1,181.32,222.128,3,27,631,26600,1
236,21.1288,67.82,0.553,37540.69,106.4,7.9,8.01,7.81,8.12,8.48,510207,0,212.96,245.184,1,30,426,64800,0
237,62.9836,94.16,0.129,31713.495,172.0,9.11,9.32,9.05,9.275,8.06,411772,0,121.76,243.104,4,58,840,38800,0
238,22.9864,65.26,0.547,31891.255,139.7,6.335,6.42,6.235,6.56,7.06,465689,0,157.39149797570855,222.992,1,30,439,37400,1
239,168.0778,91.2,0.403,31202.435,171.4,9.235,9.325,9.215,9.315,6.96,316479,0,128.88,242.752,1,25,528,34400,1
240,389.964,91.2,0.332,22986.59,173.5,9.27,9.48,9.425,9.55,6.96,215432,0,141.52,262.208,3,35,712,27600,1
241,21.0166,65.38,0.485,35085.38,111.6,6.62,6.9,6.735,6.83,7.96,536791,0,182.88,223.552,4,34,499,44400,0
242,20.4354,59.06,0.585,42273.55,89.2,6.825,6.955,6.735,6.95,9.06,554735,0,210.92,286.768,2,30,459,84600,1
243,21.156,59.92,0.512,38773.9,131.9,8.445,8.725,8.58,8.59,8.44,505742,0,194.88,225.952,3,50,456,74400,1
244,22.53,65.26,0.547,37562.91,116.9,5.885,6.155,5.95,6.045,8.06,469499,1,118.0,264.0,2,28,470,50000,1
245,66.278,94.16,0.395,32663.4,170.8,8.69,8.82,8.725,8.985,8.06,470298,0,195.64,243.056,1,54,575,38200,0
246,93.8622,91.2,0.287,35418.68,161.9,8.59,8.885,8.705,8.69,7.96,416540,1,197.08,262.832,4,24,630,35400,0
247,22.891,70.74,0.476,34285.46,169.6,6.98,7.075,6.875,7.17,7.96,400821,0,116.84,243.536,3,56,571,44200,0
248,298.268,91.2,0.287,34485.44,168.5,8.78,8.955,8.845,8.975,7.96,420282,0,156.68,221.872,4,37,749,23400,0
249,93.4734,91.2,0.417,35063.16,125.4,7.985,8.075,7.965,7.995,7.96,465487,0,180.48,263.392,2,51,500,42400,1
250,21.6398,82.84,0.563,33379.995,115.8,7.23,7.265,7.22,7.28,7.8,481269,0,176.68,223.472,3,23,386,43400,0
251,218.497,91.2,0.26,34724.305,170.1,8.745,8.995,8.885,8.98,7.96,397006,1,195.04,222.016,4,37,650,25200,0
252,150.7752,91.2,0.369,38973.88,171.0,9.3,9.54,9.4,9.36,6.96,523799,1,202.0,248.0,4,46,593,100000,1
253,24.2322,72.12,0.48,34091.035,160.9,8.515,8.79,8.56,8.71,7.82,443252,1,137.72,283.088,4,36,555,38600,0
254,22.7284,76.18,0.511,32724.505,95.8,7.88,8.19,7.945,8.09,8.28,456271,1,159.04,303.616,1,26,563,45200,1
255,160.4518,91.2,0.282,33363.33,168.8,9.01,9.215,9.06,8.965,7.96,434982,0,165.68,202.272,4,29,756,28400,0
256,27.384,74.8,0.456,36479.685,160.8,8.04,8.345,8.1,8.305,7.32,483058,1,191.52,263.808,3,56,544,47600,1
257,28.8356,67.4,0.496,36396.36,94.9,8.22,8.36,8.29,8.385,8.52,561219,1,146.6,305.04,4,47,444,63000,1
258,21.4302,63.98,0.551,34002.155,130.3,8.035,8.13,8.08,8.26,8.3,489563,1,144.88,243.552,4,43,510,44400,1
259,35.8082,74.8,0.456,34007.71,126.3,8.555,8.83,8.615,8.725,7.32,501252,1,164.84,303.536,1,46,558,44200,0
260,47.7598,71.28,0.462,33052.25,155.5,7.995,8.07,7.845,8.105,7.8,299587,0,175.28,282.112,1,25,533,26400,1
261,20.7168,61.74,0.602,34940.95,91.3,6.69,6.785,6.575,6.725,8.78,545499,0,189.4,243.76,1,20,375,47000,0
262,21.3176,59.92,0.512,43134.575,156.8,8.51,8.67,8.52,8.82,7.44,515276,1,169.92,286.368,2,60,466,79600,1
263,21.381,59.36,0.542,39701.585,127.7,6.92,7.07,6.815,7.07,8.26,531448,0,176.48,225.792,3,55,395,72400,1
264,20.7864,61.82,0.511,35579.775,147.4,8.42,8.525,8.295,8.575,7.44,496193,0,164.8,263.52,1,23,451,44000,0
265,337.206,91.2,0.321,32752.28,168.9,8.925,9.145,9.015,9.095,7.96,349335,1,111.32,301.328,3,51,674,16600,1
266,21.085,63.1,0.49,35079.825,146.9,8.325,8.36,8.295,8.38,8.68,487150,1,141.84,283.936,3,31,474,49200,0
267,21.8532,67.18,0.567,36079.725,91.9,7.1,7.4,7.16,7.36,8.78,495797,1,158.56,224.224,2,42,373,52800,1
268,20.3002,57.42,0.599,44012.265,98.3,6.925,7.08,7.015,7.21,9.28,564706,1,174.0,268.0,3,20,489,100000,1
269,185.345,91.2,0.332,32635.625,163.1,9.435,9.495,9.375,9.44,6.96,464886,1,216.0,248.0,4,57,645,100000,1
270,276.046,91.2,0.26,32518.97,170.1,9.035,9.105,8.965,9.1,7.96,346747,0,110.32,241.728,2,34,654,21600,1
271,25.3876,74.8,0.456,34807.63,156.3,8.31,8.51,8.295,8.36,8.32,474736,1,176.64,283.456,4,33,543,43200,1
272,60.2038,94.16,0.395,44045.595,169.7,8.945,9.045,8.845,9.07,9.06,517904,1,166.0,308.0,1,37,522,100000,1
273,36.0542,71.28,0.462,30308.08,110.1,8.1,8.24,8.07,8.0,6.8,448317,1,170.08,243.232,2,41,543,40400,1
274,20.5526,60.9,0.572,36635.225,95.3,7.175,7.325,7.225,7.475,8.34,553070,1,138.32,244.928,1,49,451,61600,0
275,27.1618,67.4,0.493,38612.805,162.0,8.485,8.64,8.485,8.67,8.52,480270,0,174.68,224.272,1,23,536,53400,1
276,131.6214,91.2,0.287,35751.98,161.4,8.83,8.885,8.8,8.85,7.96,418275,0,123.72,202.288,2,46,615,28600,1
277,56.0056,94.16,0.395,32646.735,152.7,8.655,8.895,8.71,8.89,8.06,468741,1,201.52,203.808,3,22,549,47600,0
278,20.411,56.48,0.59,35457.565,109.2,5.34,5.535,5.285,5.465,8.54,539589,1,115.88,303.952,3,22,383,49400,1
279,21.5772,64.9,0.589,39707.14,101.2,7.44,7.515,7.295,7.515,8.16,542840,1,162.92,205.968,4,37,475,74600,1
280,21.8328,76.62,0.587,33691.075,81.3,7.27,7.52,7.195,7.44,7.16,500290,0,117.12,203.648,1,20,361,45600,1
281,20.8406,85.08,0.536,35785.31,127.1,8.02,8.295,8.015,8.34,8.36,489837,0,183.16,283.664,3,60,518,45800,0
282,1490.682,91.2,0.321,33091.135,173.5,9.02,9.155,9.075,9.15,7.96,383325,0,169.52,241.408,4,52,680,17600,1
283,25.9832,68.92,0.536,32530.08,115.6,7.67,7.895,7.745,7.83,7.28,448615,1,124.44,303.376,4,27,466,42200,1
284,20.6082,65.38,0.485,32746.725,133.1,7.07,7.255,7.16,7.285,7.96,452920,1,165.4,242.96,1,21,567,37000,1
285,20.6854,65.38,0.485,32602.295,119.8,7.25,7.545,7.25,7.495,6.96,483878,0,201.8,303.12,1,53,447,39000,1
286,22.4408,60.78,0.555,36801.875,131.3,8.215,8.385,8.12,8.29,7.4,489220,0,199.36,284.544,1,46,467,56800,0
287,25.9638,67.4,0.496,42695.73,90.5,8.225,8.35,8.195,8.475,8.52,547397,1,202.68,287.472,3,43,550,93400,1
288,30.4028,62.94,0.353,46650.89,165.0,8.725,8.98,8.805,8.915,8.4,511151,1,201.52,307.808,1,24,552,97600,1
289,28.2476,67.4,0.496,39790.465,153.4,8.345,8.44,8.36,8.42,7.52,506523,0,126.64,205.056,1,34,541,63200,1
290,23.1872,68.82,0.552,34502.105,80.0,6.98,7.17,7.08,7.33,8.42,473146,1,121.88,303.952,1,56,449,49400,0
291,21.0376,63.98,0.551,33413.325,118.6,7.69,7.92,7.755,7.78,7.3,436753,1,119.0,223.6,1,50,472,45000,0
292,22.0656,65.26,0.547,32924.485,120.7,6.37,6.66,6.45,6.66,7.06,467075,1,123.84,283.136,4,20,460,39200,1
293,22.5488,68.82,0.552,37607.35,76.4,7.115,7.14,7.0,7.3,7.42,512492,0,154.64,264.256,2,30,495,53200,0
294,27.747,106.3,0.419,31180.215,169.1,9.035,9.24,9.1,9.115,8.18,303828,0,154.28,202.512,3,42,635,31400,1
295,24.5854,68.82,0.552,33496.65,159.0,7.085,7.18,7.125,7.23,7.42,374797,1,106.64,242.656,1,44,526,33200,1
296,22.5604,72.12,0.48,35963.07,170.6,8.64,8.91,8.73,8.85,7.82,473768,0,171.92,203.168,2,48,502,39600,1
297,145.7614,91.2,0.26,35224.255,169.9,8.885,8.98,8.89,9.105,7.96,401882,0,203.96,302.384,4,41,707,29800,1
298,153.0984,91.2,0.287,35090.935,156.5,8.48,8.785,8.6,8.665,7.96,455177,0,117.8,303.12,1,22,708,39000,1
299,934.922,91.2,0.307,25103.045,173.5,9.13,9.25,9.05,9.255,7.96,212912,1,120.8,241.12,1,40,693,14000,1
300,20.8594,65.64,0.595,36468.575,96.4,6.335,6.505,6.275,6.25,8.68,459056,0,181.92,283.968,4,60,411,49600,0
301,78.48,94.16,0.395,33891.055,166.5,8.815,8.86,8.705,9.055,8.06,471586,1,200.0,244.0,1,22,533,50000,0
302,89.4856,91.2,0.282,48772.9,156.4,9.015,9.145,9.04,8.99,6.96,493047,0,160.76,243.504,1,26,622,43800,0
303,281.502,91.2,0.42,31735.715,130.2,8.49,8.705,8.44,8.715,6.96,437878,0,126.04,263.216,4,27,512,40200,0
304,116.7134,91.2,0.417,32802.275,126.7,8.32,8.575,8.42,8.385,6.96,451515,0,168.24,223.296,4,44,621,41200,0
305,22.058,64.86,0.572,35318.69,126.4,6.445,6.595,6.405,6.485,8.68,479264,1,120.88,203.552,1,42,412,44400,1
306,22.1918,78.86,0.427,37740.67,162.8,8.73,8.845,8.8,8.845,6.8,496077,1,158.8,303.52,4,47,607,44000,0
307,68.9336,94.16,0.129,29285.96,167.5,9.005,9.145,9.075,9.305,8.06,426057,0,127.24,202.096,1,60,749,26200,1
308,64.8472,94.16,0.395,32518.97,165.3,8.645,8.805,8.755,8.95,9.06,467883,1,167.08,303.632,3,56,659,45400,0
309,27.3788,66.72,0.569,45878.745,81.9,5.485,5.555,5.465,5.68,7.18,518247,0,217.12,266.848,1,53,509,85600,1
310,22.4658,75.02,0.453,32846.715,166.4,8.725,8.885,8.72,8.965,7.44,394329,1,0.0,303.008,1,35,577,37600,1
311,21.147,63.98,0.551,36829.65,129.6,7.625,7.925,7.755,7.815,8.3,495454,0,194.64,244.256,1,56,521,53200,0
312,1042.716,91.2,0.403,31980.135,173.5,9.155,9.34,9.21,9.47,6.96,474055,0,192.0,222.4,1,52,617,30000,0
313,356.236,91.2,0.3,29313.735,171.6,9.27,9.385,9.19,9.3,6.96,267965,0,202.88,261.152,2,36,600,14400,1
314,25.0712,74.8,0.456,31691.275,151.2,7.99,8.1,7.945,8.075,7.32,482381,0,134.48,242.592,1,58,559,32400,0
315,22.4538,68.82,0.552,33713.295,113.5,7.095,7.245,7.05,7.165,8.42,471960,0,180.48,243.392,1,53,400,42400,1
316,23.4008,70.74,0.476,33352.22,159.4,6.665,6.725,6.575,6.855,7.96,412012,1,189.56,283.024,1,45,508,37800,1
317,20.4374,60.86,0.599,37774.0,83.4,6.77,6.935,6.775,7.08,7.88,503965,0,136.44,264.976,1,24,412,62200,0
318,24.2076,61.66,0.5571,37840.66,105.7,7.825,8.04,7.89,8.045,9.02,504458,0,192.04,245.616,3,26,513,70200,0
319,412.182,91.2,0.329,40623.715,171.4,9.19,9.345,9.195,9.635,7.96,440970,0,178.0,302.4,4,45,625,30000,0
320,39.7686,71.28,0.462,32291.215,173.5,7.825,8.01,7.935,8.04,7.8,365213,1,149.8,262.32,3,29,527,29000,1
321,36.8108,71.28,0.462,31102.445,159.2,7.655,7.835,7.64,7.96,7.8,422375,1,187.56,262.224,1,35,516,27800,1
322,37.625,98.78,0.376,31313.535,168.2,8.85,9.06,8.95,9.175,6.76,406685,1,157.72,202.288,3,30,581,28600,1
323,20.6932,67.12,0.5621,33502.205,96.8,6.525,6.71,6.6,6.885,8.62,480695,1,149.76,283.104,4,22,518,38800,0
324,30.4116,67.4,0.493,36835.205,150.0,7.77,8.05,7.9,7.985,7.52,502128,1,188.04,304.016,2,36,464,50200,1
325,20.2762,55.92,0.578,43745.625,105.5,7.095,7.235,7.12,7.25,9.12,546519,1,164.0,288.0,1,26,430,100000,1
326,21.59,58.38,0.589,36546.345,109.4,4.51,4.785,4.575,4.705,7.34,528366,1,111.64,203.856,1,45,363,48200,1
327,26.3066,67.4,0.496,45917.63,151.8,8.52,8.635,8.435,8.62,8.52,549160,1,135.92,247.168,3,47,570,89600,1
328,256.246,91.2,0.282,37907.32,150.0,8.975,9.105,8.96,9.375,7.96,362317,0,119.36,261.344,4,26,633,16800,0
329,179.8496,91.2,0.3,30663.6,173.5,9.145,9.335,9.14,9.31,7.96,339764,0,134.92,301.968,3,41,702,24600,1
330,23.0076,106.3,0.419,32530.08,170.5,8.89,9.09,8.965,9.165,8.18,334417,1,182.92,202.768,3,51,524,34600,1
331,260.964,91.2,0.386,31374.64,161.1,8.935,9.03,8.9,9.23,7.96,455145,0,178.32,223.328,4,36,581,41600,0
332,22.6116,75.02,0.453,32618.96,146.6,8.6,8.865,8.69,8.89,7.44,410730,1,160.16,283.264,1,40,566,40800,1
333,20.9638,62.28,0.608,33929.94,105.5,5.305,5.495,5.345,5.42,7.72,528690,0,130.76,243.504,1,56,370,43800,1
334,20.8834,59.48,0.6,38168.405,120.9,5.955,6.16,6.055,6.175,9.04,503113,1,181.92,223.968,1,29,429,49600,1
335,593.116,91.2,0.403,28636.025,173.5,9.08,9.315,9.195,9.235,7.96,375488,0,132.52,282.608,1,58,559,32600,1
336,31.0014,62.94,0.353,40029.33,165.1,9.02,9.045,8.89,9.185,8.4,503379,1,170.6,285.84,1,36,588,73000,1
337,20.4018,60.36,0.5839,44628.87,105.4,7.295,7.6,7.36,7.505,8.06,517393,1,178.0,308.0,1,51,442,100000,1
338,106.9758,91.2,0.42,34257.685,157.5,8.39,8.515,8.47,8.555,7.96,399291,0,111.96,243.184,1,36,638,39800,0
339,22.2264,110.48,0.391,33235.565,157.0,8.875,9.09,8.94,8.88,6.98,434825,1,178.04,263.216,1,57,623,40200,0
340,24.1216,66.72,0.569,31069.115,150.0,5.925,6.19,5.94,6.035,8.18,458708,0,125.04,242.816,4,42,412,35200,1
341,39.5234,98.78,0.376,31980.135,171.9,8.825,8.86,8.735,8.885,6.76,402396,0,180.24,222.496,2,32,646,31200,0
342,32.7592,71.28,0.462,33863.28,158.0,7.7,7.9,7.76,7.71,7.8,495311,0,139.28,262.912,4,49,599,36400,1
343,83.272,91.2,0.345,31991.245,121.7,8.37,8.595,8.365,8.54,6.96,431316,0,199.96,243.184,4,43,660,39800,1
344,33.4382,71.28,0.462,32291.215,163.8,7.53,7.705,7.645,7.755,6.8,436807,0,194.64,242.656,3,59,476,33200,0
345,21.2152,78.86,0.427,38751.68,164.5,8.83,8.97,8.855,9.01,7.8,532239,0,109.56,243.824,4,31,576,47800,0
346,21.3328,63.1,0.49,36363.03,106.6,8.39,8.545,8.395,8.41,7.68,500067,1,123.76,244.704,4,48,509,58800,1
347,21.7414,80.66,0.563,34107.7,119.3,7.84,7.97,7.87,8.14,7.26,490040,1,118.32,223.328,1,57,419,41600,1
348,63.101,94.16,0.129,31263.54,173.5,9.09,9.255,9.155,9.47,8.06,399297,1,112.24,202.496,1,32,760,31200,0
349,21.8356,63.1,0.49,35640.88,157.6,8.57,8.715,8.615,8.805,7.68,467457,1,197.44,203.776,4,59,540,47200,0
350,210.2726,91.2,0.287,37374.04,167.6,8.75,8.9,8.625,8.73,6.96,402950,0,117.76,282.304,1,34,661,28800,0
351,100.7682,91.2,0.468,34602.095,164.2,8.36,8.605,8.415,8.425,6.96,455983,1,173.84,263.136,2,52,475,39200,1
352,22.7108,67.14,0.591,31074.67,110.3,6.745,6.915,6.73,6.615,8.22,461313,0,176.96,302.784,1,40,485,34800,0
353,22.1586,72.12,0.48,34413.225,127.9,8.475,8.7,8.48,8.79,7.82,423752,1,138.68,203.472,4,37,453,43400,1
354,21.0958,59.36,0.528,36751.88,131.6,8.185,8.475,8.175,8.425,7.32,462490,0,131.36,304.544,4,22,454,56800,0
355,492.964,91.2,0.329,35440.9,169.7,9.24,9.39,9.235,9.365,6.96,359760,1,185.24,282.096,3,54,632,26200,1
356,25.2338,74.8,0.456,33457.765,163.9,8.5,8.665,8.425,8.745,7.32,475124,1,125.76,263.104,4,26,535,38800,0
357,20.2192,59.5,0.611,35846.415,105.4,6.335,6.445,6.26,6.345,7.94,511643,1,208.8,283.52,4,55,347,44000,0
358,30.2366,67.4,0.493,40873.69,145.1,7.88,8.09,7.835,7.9,7.52,533135,1,210.6,245.04,1,34,562,63000,0
359,42.6162,71.28,0.462,31735.715,167.6,7.74,7.91,7.815,8.07,6.8,350102,0,197.08,242.032,3,34,586,25400,1
360,30.74,67.4,0.496,33224.455,141.6,8.015,8.31,8.06,8.265,8.52,480986,0,165.72,203.888,4,59,467,48600,0
361,173.4404,91.2,0.307,31924.585,172.4,9.135,9.23,9.125,9.24,6.96,384688,0,185.4,281.36,4,22,663,17000,0
362,184.9618,91.2,0.287,41068.115,172.8,8.615,8.845,8.68,8.955,6.96,407077,1,119.12,222.848,1,42,692,35600,0
363,21.6774,80.66,0.563,32630.07,110.1,7.735,7.885,7.59,7.785,8.26,467670,0,128.12,303.248,2,37,472,40600,0
364,49.2672,94.16,0.395,41601.395,164.3,8.915,9.055,8.935,9.155,8.06,539697,1,210.0,228.0,4,35,539,100000,1
365,21.7658,70.74,0.476,33396.66,140.1,7.065,7.265,7.15,7.4,8.96,459241,1,139.16,243.664,1,41,522,45800,0
366,216.4698,91.2,0.329,37740.67,172.3,9.215,9.465,9.24,9.365,7.96,349344,1,121.32,282.128,4,22,691,26600,0
367,773.238,91.2,0.321,34452.11,152.2,8.965,9.17,8.94,9.2,7.96,439565,0,150.36,221.744,3,42,663,21800,0
368,331.514,91.2,0.42,32918.93,144.5,8.52,8.55,8.44,8.67,6.96,383739,0,117.64,303.056,4,28,494,38200,1
369,24.2248,70.74,0.476,31280.205,173.5,6.91,7.075,6.85,7.0,7.96,295168,1,118.6,242.64,4,55,564,33000,1
370,22.0016,59.92,0.512,36457.465,169.1,8.48,8.665,8.545,8.62,8.44,493498,1,147.0,285.2,3,60,451,65000,1
371,21.0118,63.98,0.551,35490.895,121.5,7.515,7.645,7.505,7.775,7.3,454277,0,133.56,283.824,3,23,422,47800,1
372,21.9488,66.92,0.501,32446.755,134.9,8.305,8.36,8.19,8.39,8.16,474433,0,150.0,303.2,4,39,454,40000,1
373,40.049,71.28,0.462,37074.07,160.8,7.735,8.03,7.82,7.935,6.8,466851,0,180.4,243.36,1,50,488,42000,1
374,421.698,91.2,0.3,24264.24,164.7,9.25,9.33,9.26,9.28,7.96,269764,0,113.52,281.408,1,25,626,17600,1
375,49.9264,94.16,0.129,30019.22,173.5,9.07,9.27,9.115,9.365,8.06,466687,0,129.84,223.136,1,42,754,39200,1
376,26.7966,66.72,0.569,33929.94,108.4,5.815,6.11,5.81,6.155,8.18,465288,1,141.72,223.888,4,25,489,48600,1
377,29.2592,67.4,0.496,41173.66,150.4,8.06,8.33,8.065,8.2,7.52,540602,1,134.68,205.072,4,26,540,63400,1
378,20.7004,64.9,0.589,38112.855,101.4,7.39,7.59,7.42,7.365,7.16,566644,1,161.4,224.56,1,53,397,57000,0
379,22.8952,75.02,0.453,31835.705,138.7,8.52,8.74,8.54,8.685,8.44,463019,1,203.72,223.088,1,20,530,38600,0
380,20.2878,60.86,0.599,36685.22,92.3,6.745,6.985,6.77,7.06,8.88,525053,0,185.64,284.656,1,59,489,58200,0
381,47.0944,71.28,0.462,33729.96,173.5,7.805,7.97,7.76,8.115,6.8,436306,1,185.8,242.32,4,23,523,29000,0
382,195.8424,91.2,0.416,30913.575,144.1,8.87,9.005,8.81,9.185,6.96,398327,0,156.68,221.872,4,57,638,23400,0
383,22.1148,110.48,0.391,33235.565,172.3,9.02,9.155,8.97,9.12,6.98,382738,0,141.44,282.176,4,47,563,27200,0
384,21.5956,67.82,0.553,36007.51,105.6,7.89,7.96,7.8,8.075,8.48,504442,1,125.64,204.656,1,38,478,58200,1
385,236.684,91.2,0.321,37674.01,164.3,9.05,9.23,8.98,9.1,7.96,335532,1,157.39149797570855,201.2,1,35,647,15000,0
386,113.3766,91.2,0.287,33196.68,161.4,8.675,8.85,8.61,8.705,6.96,369607,0,143.08,302.032,1,31,638,25400,1
387,176.7864,91.2,0.345,34490.995,138.9,8.42,8.56,8.45,8.64,7.96,456948,0,156.56,223.424,2,55,577,42800,0
388,96.994,91.2,0.23,35524.225,164.5,8.585,8.775,8.69,8.94,7.96,465805,0,140.68,263.472,3,56,756,43400,1
389,20.912,82.78,0.45,32707.84,129.5,8.28,8.515,8.285,8.695,8.72,429010,1,109.32,243.728,2,22,617,46600,0
390,25.792,74.38,0.415,29941.45,146.4,8.57,8.695,8.51,8.63,7.16,380129,0,157.39149797570855,243.152,1,44,611,39400,1
391,20.6474,59.36,0.542,38873.89,119.3,6.895,7.035,6.92,7.02,8.26,516279,1,185.36,225.344,3,45,472,66800,1
392,21.072,66.28,0.561,36168.605,94.6,6.49,6.62,6.44,6.815,8.64,504792,0,198.0,284.0,1,56,462,50000,0
393,136.423,91.2,0.287,36179.715,163.4,8.47,8.695,8.58,8.65,6.96,474433,1,176.08,303.232,4,30,752,40400,1
394,42.5316,94.16,0.129,27841.66,161.5,9.09,9.22,9.05,9.42,9.06,455196,1,108.12,202.448,4,46,851,30600,1
395,104.4478,91.2,0.23,32235.665,162.5,9.01,9.15,9.015,9.015,7.96,439085,1,194.72,302.688,2,57,803,33600,1
396,117.9644,91.2,0.369,27608.35,173.5,9.265,9.445,9.24,9.385,7.96,549584,0,194.0,268.0,1,41,624,100000,1
397,22.5632,67.14,0.591,32691.175,106.5,6.725,6.805,6.7,6.77,7.22,499656,0,166.36,223.344,3,56,384,41800,1
398,21.653,82.84,0.563,34035.485,91.9,7.12,7.305,7.165,7.4,7.8,486691,1,145.56,283.824,1,46,485,47800,0
399,21.4044,63.1,0.49,33441.1,120.7,8.125,8.295,8.11,8.36,7.68,491916,1,171.28,303.712,3,49,520,46400,0
400,23.8372,69.76,0.507,35724.205,88.2,7.245,7.45,7.215,7.255,8.08,533713,0,159.84,303.936,4,45,454,49200,1
401,21.2526,78.86,0.427,36624.115,142.6,8.68,8.775,8.62,8.97,6.8,492480,0,186.96,243.584,2,27,561,44800,0
402,39.1154,71.28,0.462,33591.085,162.3,7.75,7.8,7.7,7.845,6.8,406866,1,173.92,262.368,3,20,488,29600,0
403,23.4342,65.26,0.547,33141.13,166.9,6.58,6.665,6.46,6.655,7.06,430178,0,124.4,302.56,1,48,387,32000,0
404,35.2324,62.94,0.353,30885.8,136.3,8.95,9.015,8.97,9.095,8.4,458883,0,149.12,263.648,4,59,589,45600,1
405,148.881,91.2,0.416,35690.875,148.3,8.8,9.04,8.83,8.93,7.96,458882,1,174.44,202.576,4,42,538,32200,0
406,101.948,94.16,0.129,30374.74,173.5,9.18,9.4,9.21,9.385,9.06,308802,1,146.24,262.496,4,25,793,31200,1
407,20.8602,58.82,0.587,31457.965,95.4,4.62,4.815,4.62,4.775,7.6,484954,0,175.28,242.912,4,34,470,36400,1
408,28.7142,76.18,0.511,29685.92,173.5,8.025,8.07,7.93,8.225,7.28,367698,0,158.0,263.2,4,60,562,40000,1
409,21.6028,66.92,0.501,32496.75,115.0,8.01,8.125,7.94,8.055,7.16,482433,1,162.4,203.36,1,21,510,42000,1
410,20.3002,59.02,0.565,36857.425,103.2,5.69,5.91,5.73,5.985,8.6,507911,1,125.8,263.92,4,45,490,49000,1
411,20.5458,69.14,0.531,39912.675,134.6,7.485,7.57,7.495,7.515,7.44,547051,0,147.88,2022.4,4,38,458,69400,1
412,35.4598,71.28,0.462,36079.725,167.9,7.715,7.825,7.655,7.895,7.8,455480,1,119.36,302.944,1,35,544,36800,0
413,21.1122,59.48,0.6,39112.755,83.5,6.08,6.095,5.945,6.22,8.04,524749,1,159.6,224.64,3,36,414,58000,0
414,48.5004,94.16,0.129,36163.05,173.5,9.08,9.155,9.01,9.22,9.06,475753,1,143.32,243.728,3,36,765,46600,0
415,23.2422,68.92,0.536,34663.2,89.8,7.72,7.815,7.655,7.95,7.28,527157,0,132.08,204.032,1,25,434,50400,0
416,175.0446,91.2,0.287,35002.055,157.2,8.45,8.715,8.59,8.675,7.96,425095,0,111.96,302.384,1,39,650,29800,0
417,21.8598,106.3,0.419,33113.355,166.4,8.83,9.075,8.865,9.05,8.18,388265,1,178.2,203.28,4,51,608,41000,0
418,20.3902,57.76,0.5839,39462.72,133.0,5.28,5.455,5.315,5.505,7.28,477265,1,165.2,205.28,2,30,390,66000,1
419,21.4488,58.38,0.589,32685.62,92.0,4.585,4.725,4.515,4.75,8.34,500120,1,147.44,222.976,1,50,397,37200,1
420,1378.416,91.2,0.307,31569.065,173.5,9.235,9.405,9.28,9.23,6.96,342621,1,146.0,280.8,1,38,654,10000,0
421,507.876,91.2,0.3,25841.86,173.5,9.145,9.32,9.14,9.46,7.96,291349,1,154.2,301.68,1,34,597,21000,1
422,21.6616,59.92,0.512,31130.22,163.3,8.47,8.58,8.425,8.545,8.44,440780,1,198.56,204.224,3,27,467,52800,0
423,20.2864,57.64,0.589,37862.88,114.0,5.685,5.86,5.815,5.99,8.98,512129,1,148.64,305.056,3,45,426,63200,1
424,221.246,91.2,0.416,37957.315,167.8,8.95,9.055,8.865,8.955,7.96,388831,1,133.64,282.256,3,29,547,28200,0
425,33.133,62.94,0.353,38007.31,173.5,8.9,9.09,8.84,9.145,8.4,483741,1,146.04,224.816,1,40,599,60200,0
426,21.8756,70.74,0.476,32713.395,112.5,7.12,7.43,7.21,7.335,8.96,407557,1,110.68,203.472,2,57,575,43400,0
427,22.4166,60.78,0.555,44823.295,149.5,8.15,8.34,8.215,8.305,7.4,543618,1,125.48,246.192,1,53,413,77400,0
428,23.8146,66.72,0.569,37318.49,91.0,5.96,6.2,5.96,6.23,8.18,531248,1,186.48,224.192,4,39,443,52400,0
429,20.3418,59.04,0.59,37374.04,109.6,3.84,4.035,3.84,4.03,8.6,502830,1,122.04,244.816,3,40,474,60200,1
430,21.1292,80.66,0.563,34618.76,127.2,7.33,7.5,7.45,7.69,8.26,447528,1,176.48,303.392,3,53,377,42400,0
431,137.441,91.2,0.307,35579.775,169.5,9.115,9.18,9.1,9.255,6.96,390048,1,109.0,222.0,1,24,685,25000,0
432,45.4692,94.16,0.395,34718.75,166.1,9.07,9.24,9.06,9.03,9.06,540041,1,168.8,244.32,3,23,519,54000,1
433,25.0398,76.18,0.511,32124.565,146.2,7.68,7.875,7.7,8.04,8.28,378970,1,159.0,203.6,4,38,519,45000,1
434,24.996,98.78,0.376,32535.635,171.7,9.055,9.295,9.08,9.235,6.76,380380,0,161.32,282.128,1,39,593,26600,0
435,22.8104,76.18,0.511,35413.125,105.8,7.945,8.04,7.91,8.215,7.28,504226,1,151.24,204.496,4,3,441,56200,0
436,381.692,91.2,0.321,35740.87,173.5,9.06,9.125,9.08,9.065,6.96,302506,0,172.88,221.152,4,59,588,14400,1
437,20.1812,60.94,0.6,39373.84,94.3,6.28,6.5,6.18,6.425,7.94,489220,1,156.88,245.152,2,30,424,64400,1
438,93.939,91.2,0.282,27569.465,164.9,8.96,9.225,9.07,9.245,7.96,417956,0,204.76,283.504,3,58,757,43800,1
439,22.2658,64.86,0.572,38312.835,127.8,6.755,6.935,6.8,6.84,8.68,470107,1,204.8,224.32,4,24,387,54000,1
440,23.9078,76.62,0.587,34690.975,79.7,7.32,7.385,7.25,7.47,8.16,493124,1,119.36,243.744,3,45,434,46800,1
441,50.3804,94.16,0.395,46523.125,167.4,8.87,9.03,8.8,8.975,9.06,561132,1,160.0,248.0,1,57,603,100000,1
442,181.1158,91.2,0.416,30146.985,168.9,8.695,8.835,8.72,8.895,7.96,418266,0,181.52,222.208,2,47,498,27600,1
443,20.9962,66.28,0.561,33318.89,94.9,6.555,6.74,6.565,6.51,8.64,496877,0,183.36,223.744,1,41,416,46800,0
444,21.433,106.3,0.419,33352.22,157.6,8.78,9.02,8.815,8.99,8.18,454602,1,194.12,203.248,2,39,568,40600,0
445,35.714,62.94,0.353,38962.77,158.1,8.89,9.07,8.82,8.955,9.4,440617,0,122.28,204.912,1,41,578,61400,1
446,21.3776,59.92,0.512,34129.92,135.7,8.655,8.805,8.605,8.74,7.44,461876,1,132.48,305.792,1,59,561,72400,1
447,22.285,82.78,0.45,35402.015,165.9,8.175,8.375,8.315,8.405,8.72,451935,1,123.2,263.68,4,21,561,46000,0
448,22.3008,60.78,0.555,34235.465,143.1,8.21,8.325,8.23,8.245,8.4,467769,0,204.56,243.424,1,21,463,42800,0
449,20.8588,85.08,0.536,34713.195,150.8,8.095,8.33,8.04,8.305,8.36,468556,0,114.24,263.296,2,54,465,41200,0
450,21.3822,61.88,0.563,37435.145,104.3,6.645,6.79,6.63,6.975,7.96,507193,0,176.2,224.88,4,40,384,61000,0
451,20.597,59.36,0.542,35718.65,132.2,6.89,7.1,6.885,7.005,7.26,498425,1,143.48,284.592,4,53,460,57400,0
452,91.3736,91.2,0.42,35757.535,148.5,8.48,8.685,8.495,8.55,7.96,421532,1,169.28,303.712,2,39,635,46400,1
453,133.3996,91.2,0.369,37124.065,170.3,9.225,9.36,9.175,9.53,7.96,513408,1,134.0,308.0,1,58,675,100000,1
454,67.5714,91.2,0.417,32613.405,115.4,8.035,8.22,8.115,8.185,7.96,438045,1,162.24,243.296,3,31,609,41200,1
455,125.861,91.2,0.3,33613.305,156.0,8.915,9.045,8.76,8.94,7.96,412194,1,193.28,203.712,1,53,619,46400,1
456,21.6488,64.86,0.572,36001.955,92.0,6.87,6.94,6.775,7.035,8.68,523902,1,147.48,243.792,2,48,491,47400,1
457,23.8266,66.72,0.569,31135.775,143.7,5.86,6.085,5.86,6.285,8.18,405929,1,185.4,202.96,4,59,438,37000,0
458,20.6226,63.78,0.558,33407.77,122.0,5.88,6.045,5.885,6.165,7.24,494404,1,143.0,262.8,3,26,507,35000,0
459,21.8206,59.92,0.512,39746.025,165.7,8.64,8.675,8.54,8.75,7.44,549262,1,185.16,306.064,1,56,430,75800,1
460,52.5728,98.78,0.376,27880.545,173.5,9.185,9.34,9.145,9.45,7.76,233100,1,199.76,242.304,4,43,561,28800,1
461,22.1224,64.86,0.572,33857.725,138.6,6.785,6.96,6.685,6.9,7.68,462958,0,166.04,263.216,4,41,397,40200,0
462,241.748,91.2,0.282,35613.105,173.5,9.035,9.095,9.06,9.095,6.96,431269,1,120.68,262.672,2,48,649,33400,1
463,25.818,98.78,0.376,34296.57,167.1,9.07,9.23,9.065,9.41,6.76,354960,0,113.6,202.24,3,28,570,28000,1
464,66.6198,94.16,0.129,28808.23,167.3,9.21,9.385,9.2,9.14,8.06,309356,0,197.12,282.848,3,43,838,35600,1
465,105.2262,91.2,0.23,33952.16,154.8,8.61,8.81,8.72,8.845,6.96,437945,0,157.39149797570855,283.616,3,26,743,45200,1
466,22.7174,76.18,0.511,33685.52,132.6,7.85,8.005,7.725,7.94,7.28,418851,1,137.76,283.904,4,31,447,48800,1
467,21.4026,82.78,0.45,36896.31,158.6,8.24,8.405,8.155,8.36,7.72,461695,0,185.48,284.592,4,23,487,57400,0
468,34.516,71.28,0.462,31813.485,143.0,8.01,8.175,8.0,8.215,7.8,463328,0,171.28,242.912,2,27,578,36400,0
469,23.0172,110.48,0.391,30296.97,166.2,8.95,9.215,9.02,9.175,7.98,411264,0,120.08,282.432,4,28,605,30400,1
470,121.8034,91.2,0.287,34979.835,165.3,8.76,8.87,8.815,8.82,7.96,411619,0,134.44,302.576,4,21,646,32200,0
471,32.294,67.4,0.493,36762.99,154.3,8.25,8.4,8.23,8.58,7.52,489836,1,194.04,244.816,1,39,491,60200,1
472,29.8596,74.8,0.456,36857.425,156.0,8.215,8.38,8.295,8.475,7.32,539571,0,143.12,223.648,1,31,581,45600,1
473,46.8568,94.16,0.395,33696.63,173.5,9.02,9.23,9.05,9.185,8.06,483363,0,177.72,263.888,1,46,556,48600,0
474,242.162,91.2,0.332,27252.83,173.5,9.26,9.505,9.36,9.525,7.96,237541,1,137.52,262.208,4,56,611,27600,1
475,20.9332,58.04,0.596,39479.385,110.1,6.18,6.49,6.3,6.41,8.48,511537,1,138.12,284.848,2,24,401,60600,0
476,25.0774,68.82,0.552,29991.445,168.8,7.01,7.16,7.02,7.07,8.42,264112,0,141.76,282.304,4,34,427,28800,1
477,21.5006,59.36,0.528,41218.1,145.4,8.345,8.54,8.36,8.555,7.32,497990,1,213.36,245.344,1,23,506,66800,0
478,211.9142,91.2,0.307,35574.22,173.5,9.17,9.32,9.115,9.12,7.96,359036,0,108.84,281.936,1,42,689,24200,0
479,20.5086,62.56,0.516,37196.28,129.9,6.985,7.19,7.08,7.28,7.48,480187,1,179.56,303.824,2,52,479,47800,0
480,20.7922,65.38,0.485,33535.535,108.0,6.87,7.15,6.865,7.145,6.96,477685,1,178.44,283.376,4,57,506,42200,0
481,293.562,91.2,0.26,32968.925,161.4,9.075,9.195,9.065,9.025,6.96,257073,1,191.36,281.344,4,57,712,16800,1
482,20.8022,58.04,0.596,40479.285,107.6,6.21,6.4,6.245,6.525,8.48,549247,1,145.32,305.328,2,20,367,66600,0
483,199.6592,91.2,0.23,34507.66,170.9,8.92,9.095,8.785,8.955,6.96,399154,0,119.12,282.848,4,39,773,35600,0
484,25.183,98.78,0.376,31624.615,169.5,8.955,9.135,9.08,9.255,6.76,391198,1,118.48,302.592,4,31,567,32400,1
485,218.331,91.2,0.307,32507.86,151.3,9.15,9.38,9.14,9.33,6.96,270691,0,134.52,281.008,1,42,613,12600,0
486,28.0404,74.8,0.456,35452.01,140.7,8.1,8.325,8.21,8.3,8.32,478332,0,111.24,203.696,4,53,515,46200,0
487,30.6824,62.94,0.353,41773.6,162.9,8.8,9.0,8.925,9.0,9.4,526451,1,133.24,226.896,2,24,651,86200,1
488,44.4716,94.16,0.395,38568.365,170.9,9.005,9.12,9.04,9.08,9.06,501350,1,164.52,266.608,4,57,549,82600,1
489,44.6494,71.28,0.462,34118.81,165.2,7.91,8.01,7.845,8.275,6.8,387496,1,116.08,282.432,1,48,575,30400,0
490,22.0306,80.66,0.563,34879.845,148.0,7.835,8.14,7.87,8.05,8.26,478283,0,146.0,243.2,4,22,453,40000,1
491,21.9208,67.82,0.553,38073.97,116.3,7.86,7.95,7.73,7.925,8.48,532339,1,176.8,245.12,1,23,385,64000,1
492,26.4528,98.78,0.376,33007.81,167.0,8.87,9.08,8.91,9.205,6.76,394365,0,202.96,202.784,1,37,622,34800,0
493,20.2602,58.04,0.558,40223.755,122.8,6.34,6.52,6.41,6.655,8.9,516919,1,125.08,265.232,4,48,525,65400,1
494,29.5094,74.8,0.456,33957.715,132.3,7.965,8.07,7.88,8.08,7.32,471282,0,206.4,243.36,2,36,542,42000,1
495,31.801,98.78,0.376,35396.46,171.4,8.795,8.92,8.8,8.83,6.76,456491,1,179.2,243.68,2,57,550,46000,0
496,1799.524,91.2,0.329,38707.24,165.4,9.17,9.43,9.155,9.41,6.96,417588,1,188.16,281.664,4,21,666,20800,0
497,30.5386,67.4,0.496,48467.375,156.5,8.435,8.695,8.525,8.56,7.52,521198,1,150.0,268.0,1,20,570,100000,1
498,24.3438,76.18,0.511,32257.885,127.3,8.17,8.21,8.1,8.215,8.28,414813,1,136.96,263.584,1,20,527,44800,1
499,21.103,59.36,0.528,40195.98,114.6,7.95,8.02,7.955,8.03,7.32,525924,0,138.44,205.776,1,55,524,72200,1
500,26.3654,74.8,0.456,32852.27,156.7,7.9,8.09,7.96,8.055,7.32,387823,0,145.12,242.848,1,43,520,35600,1
501,20.8924,64.72,0.574,36768.545,143.9,7.145,7.445,7.145,7.46,7.2,510436,1,111.56,243.824,3,49,501,47800,1
502,264.944,91.2,0.416,32424.535,133.2,8.865,9.165,8.905,9.07,6.96,401981,0,182.08,281.632,4,33,558,20400,0
503,23.4662,74.38,0.415,31702.385,127.5,8.65,8.865,8.79,8.93,8.16,441556,1,118.72,283.488,1,31,581,43600,0
504,26.0694,69.76,0.507,35063.16,102.4,7.265,7.455,7.145,7.3,7.08,509852,1,141.2,243.68,1,36,485,46000,0
505,23.1752,76.62,0.587,33113.355,91.0,7.28,7.4,7.29,7.455,8.16,491978,0,200.68,263.472,2,46,400,43400,1
